method,mean_IoU,min_IoU,n_conditions
LUT256_majority,0.937358,0.930796,10
LUT36_majority,0.936798,0.931203,10
max_empty_run<=3,0.936296,0.929351,10
count>=5,0.936291,0.929334,10
count>=2,0.921800,0.912838,10
max_empty_run<=6,0.921800,0.912838,10
max_empty_run<=5,0.921800,0.912855,10
count>=3,0.921794,0.912855,10
count>=1,0.921780,0.912731,10
max_empty_run<=7,0.921780,0.912731,10
max_empty_run<=4,0.921310,0.912685,10
count>=4,0.921301,0.912688,10
max_empty_run<=2,0.891021,0.814579,10
count>=6,0.891018,0.814549,10
max_empty_run<=1,0.890572,0.814023,10
count>=7,0.890558,0.813991,10
count>=8,0.889619,0.813693,10
max_empty_run<=0,0.889619,0.813693,10
