mask,bits_b7_b0,popcount,max_empty_run,gt_visible,gt_occluded,visible_ratio,E_common,E_individual,C_conflict
0,00000000,0,8,2709294,7384,0.997282,7384,7384,0
1,00000001,1,7,3,12,0.200000,3,3,0
2,00000010,1,7,108,67,0.617143,67,21,46
3,00000011,2,6,47,55,0.460784,47,11,36
4,00000100,1,7,92,96,0.489362,92,35,57
5,00000101,2,5,0,2,0.000000,0,0,0
6,00000110,2,6,115,21,0.845588,21,15,6
7,00000111,3,5,0,14,0.000000,0,0,0
8,00001000,1,7,83,53,0.610294,53,34,19
9,00001001,2,4,0,0,,0,0,0
10,00001010,2,5,0,0,,0,0,0
11,00001011,3,4,0,1,0.000000,0,0,0
12,00001100,2,6,26,27,0.490566,26,22,4
13,00001101,3,4,1,3,0.250000,1,0,1
14,00001110,3,5,2,7,0.222222,2,1,1
15,00001111,4,4,16631,2492,0.869686,2492,2492,0
16,00010000,1,7,3,10,0.230769,3,3,0
17,00010001,2,3,0,0,,0,0,0
18,00010010,2,4,0,0,,0,0,0
19,00010011,3,3,1,0,1.000000,0,0,0
20,00010100,2,5,0,0,,0,0,0
21,00010101,3,3,0,0,,0,0,0
22,00010110,3,4,0,9,0.000000,0,0,0
23,00010111,4,3,0,0,,0,0,0
24,00011000,2,6,8,43,0.156863,8,8,0
25,00011001,3,3,0,0,,0,0,0
26,00011010,3,4,2,0,1.000000,0,0,0
27,00011011,4,3,0,0,,0,0,0
28,00011100,3,5,0,3,0.000000,0,0,0
29,00011101,4,3,0,0,,0,0,0
30,00011110,4,4,12074,694,0.945645,694,694,0
31,00011111,5,3,64916,171172,0.274965,64916,64916,0
32,00100000,1,7,34,42,0.447368,34,26,8
33,00100001,2,4,0,1,0.000000,0,0,0
34,00100010,2,3,0,0,,0,0,0
35,00100011,3,3,0,0,,0,0,0
36,00100100,2,4,0,0,,0,0,0
37,00100101,3,2,0,0,,0,0,0
38,00100110,3,3,0,1,0.000000,0,0,0
39,00100111,4,2,0,0,,0,0,0
40,00101000,2,5,0,0,,0,0,0
41,00101001,3,2,0,0,,0,0,0
42,00101010,3,3,0,0,,0,0,0
43,00101011,4,2,0,0,,0,0,0
44,00101100,3,4,0,0,,0,0,0
45,00101101,4,2,0,0,,0,0,0
46,00101110,4,3,0,0,,0,0,0
47,00101111,5,2,7,589,0.011745,7,7,0
48,00110000,2,6,6,33,0.153846,6,6,0
49,00110001,3,3,0,0,,0,0,0
50,00110010,3,3,0,0,,0,0,0
51,00110011,4,2,1,1,0.500000,1,0,1
52,00110100,3,4,0,0,,0,0,0
53,00110101,4,2,0,0,,0,0,0
54,00110110,4,3,0,2,0.000000,0,0,0
55,00110111,5,2,0,0,,0,0,0
56,00111000,3,5,1,6,0.142857,1,1,0
57,00111001,4,2,0,0,,0,0,0
58,00111010,4,3,0,1,0.000000,0,0,0
59,00111011,5,2,0,0,,0,0,0
60,00111100,4,4,0,1,0.000000,0,0,0
61,00111101,5,2,0,0,,0,0,0
62,00111110,5,3,0,0,,0,0,0
63,00111111,6,2,305,933,0.246365,305,305,0
64,01000000,1,7,46,63,0.422018,46,35,11
65,01000001,2,5,1,0,1.000000,0,0,0
66,01000010,2,4,0,2,0.000000,0,0,0
67,01000011,3,4,0,4,0.000000,0,0,0
68,01000100,2,3,0,4,0.000000,0,0,0
69,01000101,3,3,0,0,,0,0,0
70,01000110,3,3,0,1,0.000000,0,0,0
71,01000111,4,3,0,0,,0,0,0
72,01001000,2,4,0,1,0.000000,0,0,0
73,01001001,3,2,0,0,,0,0,0
74,01001010,3,2,0,0,,0,0,0
75,01001011,4,2,0,0,,0,0,0
76,01001100,3,3,0,0,,0,0,0
77,01001101,4,2,0,0,,0,0,0
78,01001110,4,2,0,0,,0,0,0
79,01001111,5,2,0,0,,0,0,0
80,01010000,2,5,0,2,0.000000,0,0,0
81,01010001,3,3,0,0,,0,0,0
82,01010010,3,2,0,0,,0,0,0
83,01010011,4,2,0,0,,0,0,0
84,01010100,3,3,0,0,,0,0,0
85,01010101,4,1,0,0,,0,0,0
86,01010110,4,2,0,0,,0,0,0
87,01010111,5,1,0,0,,0,0,0
88,01011000,3,4,0,0,,0,0,0
89,01011001,4,2,0,0,,0,0,0
90,01011010,4,2,0,0,,0,0,0
91,01011011,5,1,0,0,,0,0,0
92,01011100,4,3,0,0,,0,0,0
93,01011101,5,1,0,0,,0,0,0
94,01011110,5,2,0,0,,0,0,0
95,01011111,6,1,0,34,0.000000,0,0,0
96,01100000,2,6,8,22,0.266667,8,6,2
97,01100001,3,4,0,1,0.000000,0,0,0
98,01100010,3,3,1,0,1.000000,0,0,0
99,01100011,4,3,0,1,0.000000,0,0,0
100,01100100,3,3,0,0,,0,0,0
101,01100101,4,2,0,0,,0,0,0
102,01100110,4,2,0,0,,0,0,0
103,01100111,5,2,0,0,,0,0,0
104,01101000,3,4,0,0,,0,0,0
105,01101001,4,2,0,0,,0,0,0
106,01101010,4,2,0,0,,0,0,0
107,01101011,5,1,0,0,,0,0,0
108,01101100,4,3,0,1,0.000000,0,0,0
109,01101101,5,1,0,0,,0,0,0
110,01101110,5,2,0,0,,0,0,0
111,01101111,6,1,0,0,,0,0,0
112,01110000,3,5,1,4,0.200000,1,1,0
113,01110001,4,3,0,0,,0,0,0
114,01110010,4,2,0,0,,0,0,0
115,01110011,5,2,0,0,,0,0,0
116,01110100,4,3,0,0,,0,0,0
117,01110101,5,1,0,0,,0,0,0
118,01110110,5,2,0,1,0.000000,0,0,0
119,01110111,6,1,0,0,,0,0,0
120,01111000,4,4,0,0,,0,0,0
121,01111001,5,2,0,0,,0,0,0
122,01111010,5,2,0,0,,0,0,0
123,01111011,6,1,0,0,,0,0,0
124,01111100,5,3,0,0,,0,0,0
125,01111101,6,1,0,1,0.000000,0,0,0
126,01111110,6,2,0,0,,0,0,0
127,01111111,7,1,124,889,0.122409,124,124,0
128,10000000,1,7,61,55,0.525862,55,44,11
129,10000001,2,6,18,47,0.276923,18,15,3
130,10000010,2,5,0,1,0.000000,0,0,0
131,10000011,3,5,0,11,0.000000,0,0,0
132,10000100,2,4,0,2,0.000000,0,0,0
133,10000101,3,4,0,2,0.000000,0,0,0
134,10000110,3,4,0,0,,0,0,0
135,10000111,4,4,3334,3919,0.459672,3334,2022,1312
136,10001000,2,3,0,1,0.000000,0,0,0
137,10001001,3,3,0,1,0.000000,0,0,0
138,10001010,3,3,0,0,,0,0,0
139,10001011,4,3,0,0,,0,0,0
140,10001100,3,3,0,0,,0,0,0
141,10001101,4,3,0,0,,0,0,0
142,10001110,4,3,0,0,,0,0,0
143,10001111,5,3,1243,528,0.701863,528,528,0
144,10010000,2,4,0,1,0.000000,0,0,0
145,10010001,3,3,0,0,,0,0,0
146,10010010,3,2,0,0,,0,0,0
147,10010011,4,2,0,0,,0,0,0
148,10010100,3,2,0,0,,0,0,0
149,10010101,4,2,0,0,,0,0,0
150,10010110,4,2,0,0,,0,0,0
151,10010111,5,2,0,1,0.000000,0,0,0
152,10011000,3,3,0,1,0.000000,0,0,0
153,10011001,4,2,0,1,0.000000,0,0,0
154,10011010,4,2,0,0,,0,0,0
155,10011011,5,2,0,0,,0,0,0
156,10011100,4,2,0,0,,0,0,0
157,10011101,5,2,0,1,0.000000,0,0,0
158,10011110,5,2,0,0,,0,0,0
159,10011111,6,2,787,1121,0.412474,787,786,1
160,10100000,2,5,0,2,0.000000,0,0,0
161,10100001,3,4,1,1,0.500000,1,0,1
162,10100010,3,3,0,0,,0,0,0
163,10100011,4,3,0,2,0.000000,0,0,0
164,10100100,3,2,0,0,,0,0,0
165,10100101,4,2,0,0,,0,0,0
166,10100110,4,2,0,0,,0,0,0
167,10100111,5,2,0,0,,0,0,0
168,10101000,3,3,0,0,,0,0,0
169,10101001,4,2,0,0,,0,0,0
170,10101010,4,1,0,0,,0,0,0
171,10101011,5,1,0,0,,0,0,0
172,10101100,4,2,0,0,,0,0,0
173,10101101,5,1,0,0,,0,0,0
174,10101110,5,1,0,0,,0,0,0
175,10101111,6,1,10,23,0.303030,10,10,0
176,10110000,3,4,0,0,,0,0,0
177,10110001,4,3,0,0,,0,0,0
178,10110010,4,2,0,0,,0,0,0
179,10110011,5,2,0,0,,0,0,0
180,10110100,4,2,0,0,,0,0,0
181,10110101,5,1,0,1,0.000000,0,0,0
182,10110110,5,1,0,0,,0,0,0
183,10110111,6,1,0,0,,0,0,0
184,10111000,4,3,0,0,,0,0,0
185,10111001,5,2,0,0,,0,0,0
186,10111010,5,1,0,0,,0,0,0
187,10111011,6,1,0,0,,0,0,0
188,10111100,5,2,0,0,,0,0,0
189,10111101,6,1,0,0,,0,0,0
190,10111110,6,1,0,0,,0,0,0
191,10111111,7,1,0,0,,0,0,0
192,11000000,2,6,17,20,0.459459,17,5,12
193,11000001,3,5,1052,2640,0.284940,1052,491,561
194,11000010,3,4,0,0,,0,0,0
195,11000011,4,4,1689,713,0.703164,713,529,184
196,11000100,3,3,0,0,,0,0,0
197,11000101,4,3,0,0,,0,0,0
198,11000110,4,3,0,1,0.000000,0,0,0
199,11000111,5,3,1847,8217,0.183525,1847,1847,0
200,11001000,3,3,0,0,,0,0,0
201,11001001,4,2,0,0,,0,0,0
202,11001010,4,2,0,0,,0,0,0
203,11001011,5,2,0,0,,0,0,0
204,11001100,4,2,0,0,,0,0,0
205,11001101,5,2,0,0,,0,0,0
206,11001110,5,2,0,0,,0,0,0
207,11001111,6,2,0,4,0.000000,0,0,0
208,11010000,3,4,0,1,0.000000,0,0,0
209,11010001,4,3,0,1,0.000000,0,0,0
210,11010010,4,2,0,0,,0,0,0
211,11010011,5,2,0,0,,0,0,0
212,11010100,4,2,0,0,,0,0,0
213,11010101,5,1,0,0,,0,0,0
214,11010110,5,1,0,0,,0,0,0
215,11010111,6,1,0,0,,0,0,0
216,11011000,4,3,0,0,,0,0,0
217,11011001,5,2,0,0,,0,0,0
218,11011010,5,1,0,0,,0,0,0
219,11011011,6,1,0,0,,0,0,0
220,11011100,5,2,0,0,,0,0,0
221,11011101,6,1,0,0,,0,0,0
222,11011110,6,1,0,0,,0,0,0
223,11011111,7,1,243,1257,0.162000,243,243,0
224,11100000,3,5,6,13,0.315789,6,3,3
225,11100001,4,4,19111,3282,0.853436,3282,3282,0
226,11100010,4,3,0,0,,0,0,0
227,11100011,5,3,0,1,0.000000,0,0,0
228,11100100,4,2,0,0,,0,0,0
229,11100101,5,2,0,1,0.000000,0,0,0
230,11100110,5,2,0,0,,0,0,0
231,11100111,6,2,24,29,0.452830,24,12,12
232,11101000,4,3,0,0,,0,0,0
233,11101001,5,2,0,0,,0,0,0
234,11101010,5,1,0,0,,0,0,0
235,11101011,6,1,0,0,,0,0,0
236,11101100,5,2,0,0,,0,0,0
237,11101101,6,1,0,0,,0,0,0
238,11101110,6,1,0,0,,0,0,0
239,11101111,7,1,0,0,,0,0,0
240,11110000,4,4,1825,160,0.919395,160,160,0
241,11110001,5,3,78205,136903,0.363562,78205,78205,0
242,11110010,5,2,705,294,0.705706,294,294,0
243,11110011,6,2,764,1464,0.342908,764,764,0
244,11110100,5,2,0,0,,0,0,0
245,11110101,6,1,0,7,0.000000,0,0,0
246,11110110,6,1,0,1,0.000000,0,0,0
247,11110111,7,1,284,1898,0.130156,284,284,0
248,11111000,5,3,0,0,,0,0,0
249,11111001,6,2,24,232,0.093750,24,24,0
250,11111010,6,1,0,0,,0,0,0
251,11111011,7,1,0,0,,0,0,0
252,11111100,6,2,0,0,,0,0,0
253,11111101,7,1,4,100,0.038462,4,4,0
254,11111110,7,1,0,0,,0,0,0
255,11111111,8,0,135,23930,0.005610,135,135,0
