mask,V,O
0,30122247,940806
1,941,856
2,790,2769
3,304,2264
4,591,4318
5,10,72
6,143,582
7,186,199
8,944,2801
9,1,7
10,18,37
11,1,17
12,615,584
13,1,4
14,376,56
15,79102,1861
16,45,855
17,3,10
18,1,11
19,0,2
20,7,76
21,0,4
22,2,7
23,63,17
24,110,2235
25,0,1
26,6,18
27,3,13
28,22,298
29,122,204
30,54138,1496
31,332126,59217
32,466,2779
33,0,14
34,0,17
35,1,14
36,0,22
37,1,0
38,0,8
39,0,1
40,0,12
41,0,0
42,0,0
43,0,0
44,0,1
45,0,0
46,0,0
47,945,46
48,117,2186
49,0,2
50,2,17
51,3,16
52,1,20
53,0,11
54,0,7
55,0,112
56,6,124
57,0,0
58,0,4
59,0,1
60,77,9
61,0,48
62,4548,1549
63,5171,6003
64,654,4287
65,6,63
66,0,21
67,0,14
68,4,94
69,1,11
70,0,2
71,0,0
72,1,32
73,0,1
74,1,1
75,0,1
76,0,3
77,0,1
78,1,1
79,11,310
80,9,71
81,1,0
82,0,1
83,0,1
84,0,10
85,0,6
86,0,0
87,0,0
88,0,25
89,0,0
90,0,0
91,0,1
92,0,4
93,0,2
94,12,165
95,189,1263
96,308,608
97,0,11
98,0,8
99,76,76
100,0,5
101,0,0
102,0,5
103,99,59
104,0,2
105,0,0
106,0,0
107,0,2
108,576,25
109,0,0
110,0,0
111,20,46
112,101,337
113,167,177
114,0,2
115,3,43
116,0,2
117,0,149
118,1,4
119,0,41
120,37,3
121,0,5
122,0,0
123,0,7
124,23,51
125,6,19
126,72,241
127,1750,3920
128,627,2813
129,182,2200
130,2,13
131,311,124
132,1,35
133,2,23
134,144,2
135,12269,436
136,1,18
137,0,13
138,0,0
139,0,2
140,0,10
141,0,1
142,8,15
143,23905,5044
144,0,1
145,0,1
146,0,0
147,0,0
148,0,1
149,0,0
150,0,0
151,20,135
152,1,18
153,0,11
154,0,4
155,27,49
156,0,2
157,0,14
158,1578,52
159,7980,6999
160,126,31
161,5,25
162,0,0
163,13,1
164,0,1
165,0,0
166,0,0
167,0,8
168,0,0
169,0,0
170,0,0
171,0,0
172,0,0
173,0,0
174,0,0
175,17,6
176,238,35
177,6,16
178,0,1
179,7,12
180,0,2
181,0,4
182,0,0
183,0,38
184,0,6
185,0,0
186,0,0
187,0,10
188,0,0
189,0,10
190,10,12
191,321,1935
192,175,615
193,97,215
194,0,3
195,8535,260
196,0,3
197,1,4
198,0,1
199,13786,3371
200,0,7
201,0,4
202,0,0
203,0,23
204,0,1
205,1,1
206,523,17
207,1133,1047
208,2,6
209,0,1
210,0,0
211,124,133
212,0,0
213,0,38
214,0,0
215,8,94
216,1,2
217,0,20
218,0,0
219,1,12
220,0,1
221,0,37
222,8,41
223,2873,5756
224,803,54
225,59440,1345
226,193,1
227,18208,3699
228,0,1
229,11,420
230,339,0
231,708,747
232,0,0
233,903,171
234,0,0
235,19,18
236,0,0
237,18,65
238,43,2
239,1127,464
240,54718,1430
241,330751,61557
242,2105,26
243,6473,6519
244,27,183
245,154,1262
246,10,38
247,2198,5094
248,6294,2877
249,5015,5811
250,0,0
251,224,2178
252,157,302
253,1603,3872
254,56,192
255,4083,175560
